d991261c-1ad6-11ec-9216-002b67ce00fa,2,202103171743.46
d9916fe6-1ad6-11ec-b5fd-002b67ce00fa,1,202010050610.32
d991ac22-1ad6-11ec-adc3-002b67ce00fa,8,202001241429.52
d991df44-1ad6-11ec-b665-002b67ce00fa,8,202007202356.08
d9921630-1ad6-11ec-98be-002b67ce00fa,6,202102251348.15
d9924c86-1ad6-11ec-b043-002b67ce00fa,9,202005290711.29
d992910a-1ad6-11ec-8b1c-002b67ce00fa,9,202108040452.22
d992d462-1ad6-11ec-823e-002b67ce00fa,6,202006142344.17
d9931af8-1ad6-11ec-b91c-002b67ce00fa,4,202108071030.26
d9935608-1ad6-11ec-ae3e-002b67ce00fa,3,202006052359.23
d9938c90-1ad6-11ec-a57a-002b67ce00fa,9,202107051451.53
d993b6f2-1ad6-11ec-8e82-002b67ce00fa,7,202109201309.32
d993fb4e-1ad6-11ec-9e2f-002b67ce00fa,9,202004080244.44
d9942e66-1ad6-11ec-bffb-002b67ce00fa,6,202004212340.48
d9945b3e-1ad6-11ec-b8ed-002b67ce00fa,8,202011290647.49
d9948546-1ad6-11ec-a634-002b67ce00fa,2,202103221358.45
d994ca9c-1ad6-11ec-9d54-002b67ce00fa,3,202005181723.19
d9951092-1ad6-11ec-aad9-002b67ce00fa,3,202102170707.16
d9953fe0-1ad6-11ec-80e2-002b67ce00fa,6,202106130015.49
d9956a4c-1ad6-11ec-9610-002b67ce00fa,4,202005161027.07
d9959882-1ad6-11ec-81e8-002b67ce00fa,4,202108310130.51
d995c49c-1ad6-11ec-8729-002b67ce00fa,4,202009062348.06
d9960a6a-1ad6-11ec-8f1d-002b67ce00fa,2,202011232329.43
d9964002-1ad6-11ec-b953-002b67ce00fa,5,202108221829.33
d9966d48-1ad6-11ec-8ec3-002b67ce00fa,10,202106140207.12
d996989a-1ad6-11ec-ae7d-002b67ce00fa,10,202112241840.18
d996cd38-1ad6-11ec-a8ca-002b67ce00fa,4,202006170229.24
d99703f2-1ad6-11ec-9cfe-002b67ce00fa,4,202012151602.03
d9973e4e-1ad6-11ec-ba05-002b67ce00fa,3,202112150319.48
d9977d6e-1ad6-11ec-aef7-002b67ce00fa,4,202001232322.33
d997ab68-1ad6-11ec-bab3-002b67ce00fa,2,202003031225.25
d997df02-1ad6-11ec-8f7d-002b67ce00fa,6,202003090931.06
d9985798-1ad6-11ec-92cf-002b67ce00fa,2,202112021236.03
d9989316-1ad6-11ec-80e8-002b67ce00fa,7,202009291305.12
d998dcf4-1ad6-11ec-9a47-002b67ce00fa,7,202110040338.03
d9991b6a-1ad6-11ec-9e60-002b67ce00fa,3,202108080145.55
d999493c-1ad6-11ec-827b-002b67ce00fa,1,202007100633.36
d99975e2-1ad6-11ec-9a71-002b67ce00fa,2,202103141753.06
d999a0f8-1ad6-11ec-b87a-002b67ce00fa,3,202108201003.56
d999e9fa-1ad6-11ec-857a-002b67ce00fa,2,202101110034.25
d99a1e34-1ad6-11ec-aeb3-002b67ce00fa,5,202109200716.48
d99a4f80-1ad6-11ec-89df-002b67ce00fa,6,202012090851.49
d99ad162-1ad6-11ec-be02-002b67ce00fa,10,202106220047.21
d99b11ae-1ad6-11ec-a0b6-002b67ce00fa,2,202012120456.10
d99b633e-1ad6-11ec-8a54-002b67ce00fa,4,202003072211.10
d99b9c8c-1ad6-11ec-a301-002b67ce00fa,5,202101121116.51
d99be584-1ad6-11ec-bc65-002b67ce00fa,4,202101271455.48
d99c17fc-1ad6-11ec-b84a-002b67ce00fa,7,202002161448.19
d99c42fe-1ad6-11ec-9a62-002b67ce00fa,9,202108280131.11
d99c7f8a-1ad6-11ec-b1c7-002b67ce00fa,7,202110191557.02
d99caf14-1ad6-11ec-8c83-002b67ce00fa,6,202112182111.44
d99cd8ae-1ad6-11ec-8a60-002b67ce00fa,8,202008220624.46
d99d3632-1ad6-11ec-aadf-002b67ce00fa,5,202101021300.00
d99d857e-1ad6-11ec-9ee7-002b67ce00fa,8,202104150817.18
d99dc192-1ad6-11ec-9ecb-002b67ce00fa,9,202006190124.37
d99de3f2-1ad6-11ec-8ea4-002b67ce00fa,3,202112011934.54
d99e1138-1ad6-11ec-b445-002b67ce00fa,5,202008051550.09
d99e3f3c-1ad6-11ec-ab54-002b67ce00fa,9,202108202215.20
d99e6d86-1ad6-11ec-8681-002b67ce00fa,5,202003271154.27
d99e8bb8-1ad6-11ec-aef1-002b67ce00fa,8,202008290748.25
d99eba48-1ad6-11ec-a421-002b67ce00fa,5,202112100429.35
d99ee84c-1ad6-11ec-ba41-002b67ce00fa,7,202010040520.58
d99f140c-1ad6-11ec-945a-002b67ce00fa,10,202006090639.42
d99f413e-1ad6-11ec-b8b0-002b67ce00fa,7,202112111824.24
d99f6c72-1ad6-11ec-9953-002b67ce00fa,1,202011150900.07
d99f9c92-1ad6-11ec-9a69-002b67ce00fa,4,202011022038.59
d99fcda2-1ad6-11ec-96e1-002b67ce00fa,5,202102181123.55
d9a007d6-1ad6-11ec-baae-002b67ce00fa,9,202010231711.04
d9a033fa-1ad6-11ec-93a4-002b67ce00fa,5,202012240536.28
d9a081c0-1ad6-11ec-bf12-002b67ce00fa,8,202111140409.25
d9a0aaec-1ad6-11ec-88a0-002b67ce00fa,9,202011091701.17
d9a0c8c4-1ad6-11ec-aca7-002b67ce00fa,8,202007250417.33
d9a0f75e-1ad6-11ec-8606-002b67ce00fa,2,202110011532.12
d9a11b44-1ad6-11ec-8bd2-002b67ce00fa,1,202101190636.21
d9a14b78-1ad6-11ec-a6e6-002b67ce00fa,2,202108011054.20
d9a16e64-1ad6-11ec-990d-002b67ce00fa,7,202007080013.23
d9a19bdc-1ad6-11ec-97ae-002b67ce00fa,5,202011012202.56
d9a1d0b6-1ad6-11ec-8e9b-002b67ce00fa,5,202103032023.44
d9a1f74e-1ad6-11ec-9ef3-002b67ce00fa,8,202005250617.08
d9a22ed0-1ad6-11ec-9e89-002b67ce00fa,2,202110080557.21
d9a2644a-1ad6-11ec-98e4-002b67ce00fa,4,202110191929.12
d9a29032-1ad6-11ec-ad84-002b67ce00fa,9,202108121542.41
d9a2b256-1ad6-11ec-9fbb-002b67ce00fa,8,202011190823.53
d9a2df60-1ad6-11ec-808b-002b67ce00fa,6,202007110449.12
d9a310de-1ad6-11ec-8f74-002b67ce00fa,7,202001080833.30
d9a33d66-1ad6-11ec-9697-002b67ce00fa,1,202112042056.53
d9a36a3e-1ad6-11ec-9b6a-002b67ce00fa,10,202104250734.36
d9a38e7e-1ad6-11ec-b61b-002b67ce00fa,2,202108051646.36
d9a3bf8e-1ad6-11ec-aa31-002b67ce00fa,10,202008302302.02
d9a3f38c-1ad6-11ec-895a-002b67ce00fa,7,202010131929.31
d9a415b0-1ad6-11ec-b4c5-002b67ce00fa,2,202112300512.17
d9a444cc-1ad6-11ec-8603-002b67ce00fa,3,202009051427.41
d9a46998-1ad6-11ec-8757-002b67ce00fa,1,202002131953.51
d9a4976a-1ad6-11ec-9039-002b67ce00fa,9,202108080215.50
d9a4c00a-1ad6-11ec-a9b3-002b67ce00fa,9,202111280420.24
d9a4e292-1ad6-11ec-92e2-002b67ce00fa,4,202007190031.55
d9a5126c-1ad6-11ec-aa2b-002b67ce00fa,5,202003241923.50
d9a53c2e-1ad6-11ec-b2ac-002b67ce00fa,3,202008222229.33
d9a567b2-1ad6-11ec-9b94-002b67ce00fa,5,202109110753.42
d9a5973c-1ad6-11ec-b60c-002b67ce00fa,2,202002240059.17
d9a5c766-1ad6-11ec-9d3e-002b67ce00fa,4,202105112329.16
d9a5e9a8-1ad6-11ec-8776-002b67ce00fa,9,202103010854.23
d9a61856-1ad6-11ec-83d1-002b67ce00fa,2,202008151035.40
d9a6382c-1ad6-11ec-af5d-002b67ce00fa,8,202103060720.59
d9a66306-1ad6-11ec-9c1a-002b67ce00fa,3,202003240654.03
d9a69074-1ad6-11ec-a3c2-002b67ce00fa,5,202001101924.05
d9a6c026-1ad6-11ec-959d-002b67ce00fa,8,202008242014.56
d9a6e20e-1ad6-11ec-8593-002b67ce00fa,2,202111180805.26
d9a70e28-1ad6-11ec-add2-002b67ce00fa,5,202101272336.05
d9a742c6-1ad6-11ec-b5e6-002b67ce00fa,8,202110170257.06
d9a76792-1ad6-11ec-8516-002b67ce00fa,5,202001120554.20
d9a791fe-1ad6-11ec-bd63-002b67ce00fa,8,202008211513.02
d9a7c8c2-1ad6-11ec-a2fd-002b67ce00fa,3,202005062009.41
d9a803f0-1ad6-11ec-a203-002b67ce00fa,10,202004222253.43
d9a82416-1ad6-11ec-a17b-002b67ce00fa,4,202012120713.30
d9a84f5e-1ad6-11ec-a51e-002b67ce00fa,3,202109111153.46
d9a8756a-1ad6-11ec-a399-002b67ce00fa,2,202111231514.23
d9a89658-1ad6-11ec-8166-002b67ce00fa,1,202104022339.53
d9a8b552-1ad6-11ec-b926-002b67ce00fa,4,202009301218.38
d9a8e31a-1ad6-11ec-862d-002b67ce00fa,2,202006211944.31
d9a9122c-1ad6-11ec-91bf-002b67ce00fa,8,202002270110.45
d9a94332-1ad6-11ec-b374-002b67ce00fa,7,202010230224.37
d9a97dac-1ad6-11ec-833d-002b67ce00fa,9,202109141533.58
d9a9b97a-1ad6-11ec-a56c-002b67ce00fa,7,202102201748.00
d9a9e8f0-1ad6-11ec-9587-002b67ce00fa,3,202001281758.18
d9aa15be-1ad6-11ec-9070-002b67ce00fa,6,202109162028.23
d9aa4cf0-1ad6-11ec-ae83-002b67ce00fa,9,202010261359.29
d9aa70c2-1ad6-11ec-b0ba-002b67ce00fa,6,202010231658.33
d9aaa128-1ad6-11ec-9651-002b67ce00fa,4,202106011314.37
d9aac716-1ad6-11ec-bb00-002b67ce00fa,3,202002040454.45
d9aafb46-1ad6-11ec-ada6-002b67ce00fa,4,202007012203.27
d9ab222e-1ad6-11ec-a64e-002b67ce00fa,2,202111211832.07
d9ab454c-1ad6-11ec-b1d8-002b67ce00fa,5,202009202152.05
d9ab6748-1ad6-11ec-ab9d-002b67ce00fa,5,202105091334.35
d9ab9470-1ad6-11ec-bd1a-002b67ce00fa,1,202103221103.54
d9abb8ce-1ad6-11ec-b3e7-002b67ce00fa,3,202104250025.13
d9abd908-1ad6-11ec-8702-002b67ce00fa,10,202008222254.05
d9abf87a-1ad6-11ec-a00e-002b67ce00fa,4,202010201557.27
d9ac162a-1ad6-11ec-967f-002b67ce00fa,1,202008140655.37
d9ac3fec-1ad6-11ec-a17c-002b67ce00fa,3,202003271527.58
d9ac75fc-1ad6-11ec-b33b-002b67ce00fa,6,202010201211.18
d9acab80-1ad6-11ec-bce9-002b67ce00fa,8,202101280100.58
d9acd51a-1ad6-11ec-8e5f-002b67ce00fa,6,202002071348.48
d9ad0c6a-1ad6-11ec-9c24-002b67ce00fa,3,202009121128.24
d9ad3d52-1ad6-11ec-9c6a-002b67ce00fa,10,202101090002.30
d9ad6dd6-1ad6-11ec-b9f4-002b67ce00fa,10,202001291423.32
d9ad9f54-1ad6-11ec-b2c5-002b67ce00fa,2,202006100654.43
d9adcbbe-1ad6-11ec-bb65-002b67ce00fa,10,202102021248.57
d9adea0e-1ad6-11ec-b208-002b67ce00fa,8,202010050108.41
d9ae0ab6-1ad6-11ec-85a9-002b67ce00fa,4,202102031255.40
d9ae44e0-1ad6-11ec-ae06-002b67ce00fa,1,202107050822.18
d9ae73fc-1ad6-11ec-ba4d-002b67ce00fa,2,202001091432.29
d9ae96ac-1ad6-11ec-94d7-002b67ce00fa,1,202002292117.11
d9aec438-1ad6-11ec-9a51-002b67ce00fa,1,202110061817.14
d9aeefee-1ad6-11ec-af84-002b67ce00fa,1,202108242059.54
d9af12f8-1ad6-11ec-8619-002b67ce00fa,3,202106081435.02
d9af3f94-1ad6-11ec-b212-002b67ce00fa,1,202012020209.47
d9af5da8-1ad6-11ec-ab82-002b67ce00fa,1,202102280648.37
d9af8102-1ad6-11ec-9707-002b67ce00fa,8,202107032326.02
d9afad26-1ad6-11ec-9acd-002b67ce00fa,7,202102111453.44
d9afcf2c-1ad6-11ec-a5eb-002b67ce00fa,2,202107100016.00
d9afee26-1ad6-11ec-9a9c-002b67ce00fa,7,202012080236.24
d9b00cb2-1ad6-11ec-9b3e-002b67ce00fa,9,202102151307.15
d9b03a66-1ad6-11ec-97c9-002b67ce00fa,4,202109121916.09
d9b06054-1ad6-11ec-8a90-002b67ce00fa,4,202002060446.56
d9b09222-1ad6-11ec-b3bf-002b67ce00fa,2,202104160411.31
d9b0bb1c-1ad6-11ec-a304-002b67ce00fa,3,202105150422.02
d9b0e43e-1ad6-11ec-a3fa-002b67ce00fa,2,202111102050.56
d9b10bee-1ad6-11ec-b550-002b67ce00fa,6,202112230407.40
d9b15f18-1ad6-11ec-8011-002b67ce00fa,3,202108251400.34
d9b1b18e-1ad6-11ec-8ec0-002b67ce00fa,8,202103090001.27
d9b1e2f8-1ad6-11ec-bbac-002b67ce00fa,3,202107171658.22
d9b21534-1ad6-11ec-9465-002b67ce00fa,7,202010171515.10
d9b23762-1ad6-11ec-a4af-002b67ce00fa,4,202108030141.51
d9b263b8-1ad6-11ec-8118-002b67ce00fa,1,202106042310.11
d9b28046-1ad6-11ec-8a2d-002b67ce00fa,1,202005271136.13
d9b29c70-1ad6-11ec-9d06-002b67ce00fa,4,202005221531.39
d9b2c754-1ad6-11ec-98bd-002b67ce00fa,7,202106252334.23
d9b2f7ce-1ad6-11ec-8ccb-002b67ce00fa,6,202007291625.58
d9b317f4-1ad6-11ec-b4bf-002b67ce00fa,3,202109260727.25
d9b346f2-1ad6-11ec-9aba-002b67ce00fa,2,202012210013.14
d9b37410-1ad6-11ec-8469-002b67ce00fa,7,202107130702.47
d9b3a2aa-1ad6-11ec-b6cc-002b67ce00fa,1,202001161956.26
d9b3ccbc-1ad6-11ec-950e-002b67ce00fa,2,202005170353.08
d9b441a6-1ad6-11ec-939e-002b67ce00fa,7,202110281234.11
d9b46758-1ad6-11ec-8476-002b67ce00fa,5,202012120427.26
d9b4840e-1ad6-11ec-82a0-002b67ce00fa,4,202106040017.00
d9b4b1d6-1ad6-11ec-a7a8-002b67ce00fa,8,202105110036.57
d9b4e0ac-1ad6-11ec-93dd-002b67ce00fa,10,202007051634.10
d9b4ffd8-1ad6-11ec-a7db-002b67ce00fa,7,202005210521.05
d9b536ba-1ad6-11ec-94f5-002b67ce00fa,6,202103280333.35
d9b570a8-1ad6-11ec-9fd4-002b67ce00fa,8,202004102258.44
d9b5a0d2-1ad6-11ec-b045-002b67ce00fa,6,202003121902.13
d9b5bc02-1ad6-11ec-92c8-002b67ce00fa,7,202006300407.08
d9b5d642-1ad6-11ec-ad54-002b67ce00fa,5,202003101537.21
d9b60220-1ad6-11ec-9f1b-002b67ce00fa,2,202007161916.56
d9b61f9e-1ad6-11ec-a867-002b67ce00fa,3,202101061307.16
d9b63d4e-1ad6-11ec-b9ce-002b67ce00fa,6,202104290510.18
d9b68e48-1ad6-11ec-b6fc-002b67ce00fa,7,202107121645.02
d9b6cb24-1ad6-11ec-948b-002b67ce00fa,1,202108200157.17
d9b6f7ca-1ad6-11ec-aab8-002b67ce00fa,3,202106160148.02
d9b7297a-1ad6-11ec-8380-002b67ce00fa,6,202108011501.41
d9b7491e-1ad6-11ec-bff6-002b67ce00fa,7,202112020601.30
d9b77c0e-1ad6-11ec-80ce-002b67ce00fa,3,202002112122.52
d9b7add2-1ad6-11ec-a3f1-002b67ce00fa,4,202104201231.37
d9b7d5c8-1ad6-11ec-95d2-002b67ce00fa,2,202009022354.23
d9b7f440-1ad6-11ec-b21d-002b67ce00fa,4,202112050348.41
d9b80fde-1ad6-11ec-81c6-002b67ce00fa,10,202006300406.26
d9b83ce8-1ad6-11ec-ab4c-002b67ce00fa,7,202112151957.38
d9b85b24-1ad6-11ec-92f2-002b67ce00fa,1,202006262338.23
d9b8882e-1ad6-11ec-9c44-002b67ce00fa,8,202107061101.00
d9b8abb0-1ad6-11ec-a5c1-002b67ce00fa,4,202101251614.39
d9b8c99c-1ad6-11ec-9536-002b67ce00fa,10,202001300452.42
d9b8ffd4-1ad6-11ec-97a0-002b67ce00fa,7,202109130411.12
d9b92e96-1ad6-11ec-bfc6-002b67ce00fa,2,202111020712.45
d9b94c6e-1ad6-11ec-a007-002b67ce00fa,6,202005030548.35
d9b967c6-1ad6-11ec-a596-002b67ce00fa,5,202102111953.04
d9b99a3e-1ad6-11ec-9e03-002b67ce00fa,9,202011210123.20
d9b9bf8c-1ad6-11ec-b85b-002b67ce00fa,3,202101031339.50
d9ba01f4-1ad6-11ec-b257-002b67ce00fa,5,202101191802.02
d9ba4628-1ad6-11ec-ae4b-002b67ce00fa,10,202001122220.50
d9ba7e22-1ad6-11ec-8bc8-002b67ce00fa,6,202105040917.22
d9babb44-1ad6-11ec-8752-002b67ce00fa,7,202012301940.28
d9baf76c-1ad6-11ec-9a3a-002b67ce00fa,5,202011261508.12
d9bb232c-1ad6-11ec-bd9e-002b67ce00fa,9,202011261025.33
d9bb5f18-1ad6-11ec-8f05-002b67ce00fa,3,202108022148.06
d9bb9500-1ad6-11ec-abcd-002b67ce00fa,9,202105310554.37
d9bbce9e-1ad6-11ec-8e13-002b67ce00fa,1,202005172133.34
d9bc0be8-1ad6-11ec-b22e-002b67ce00fa,1,202105130306.21
d9bc4446-1ad6-11ec-b50b-002b67ce00fa,3,202009200052.14
d9bc7b5a-1ad6-11ec-91db-002b67ce00fa,5,202003090937.18
d9bca544-1ad6-11ec-ad72-002b67ce00fa,7,202105150217.30
d9bcd9f6-1ad6-11ec-a520-002b67ce00fa,7,202105141813.50
d9bcff12-1ad6-11ec-90d3-002b67ce00fa,1,202106030020.58
d9bd1e0c-1ad6-11ec-8879-002b67ce00fa,10,202107091817.34
d9bd4bfc-1ad6-11ec-941e-002b67ce00fa,3,202007230517.58
d9bd6de4-1ad6-11ec-9952-002b67ce00fa,5,202008210558.58
d9bd9198-1ad6-11ec-9688-002b67ce00fa,3,202104190650.37
d9bdb83a-1ad6-11ec-b279-002b67ce00fa,4,202106200935.02
d9bdebac-1ad6-11ec-81d8-002b67ce00fa,4,202012031831.47
d9be2d1a-1ad6-11ec-8320-002b67ce00fa,9,202003170530.47
d9be678a-1ad6-11ec-8388-002b67ce00fa,10,202007081501.32
d9be8a76-1ad6-11ec-8d57-002b67ce00fa,9,202003021235.17
d9beca4a-1ad6-11ec-a2af-002b67ce00fa,10,202001061210.58
d9bf0122-1ad6-11ec-9b49-002b67ce00fa,4,202106251637.16
d9bf32fa-1ad6-11ec-9be7-002b67ce00fa,5,202109242319.25
d9bf5690-1ad6-11ec-87af-002b67ce00fa,9,202102131034.42
d9bf76e8-1ad6-11ec-9bf8-002b67ce00fa,7,202004051541.10
d9bfa1f4-1ad6-11ec-83b7-002b67ce00fa,7,202103200357.09
d9bfd124-1ad6-11ec-9ce7-002b67ce00fa,2,202011252144.20
d9c001bc-1ad6-11ec-961a-002b67ce00fa,8,202102040037.57
d9c0239a-1ad6-11ec-86a0-002b67ce00fa,7,202107011402.32
d9c0430c-1ad6-11ec-8254-002b67ce00fa,5,202011231739.56
d9c0741c-1ad6-11ec-a25c-002b67ce00fa,10,202107091020.30
d9c0a4be-1ad6-11ec-92bb-002b67ce00fa,8,202101311447.55
d9c0d574-1ad6-11ec-8bc6-002b67ce00fa,8,202002200554.58
d9c10846-1ad6-11ec-b942-002b67ce00fa,7,202109271711.55
d9c127f4-1ad6-11ec-8929-002b67ce00fa,9,202005080621.07
d9c15152-1ad6-11ec-822f-002b67ce00fa,9,202011301906.46
d9c170e2-1ad6-11ec-a3f0-002b67ce00fa,4,202104270300.02
d9c19734-1ad6-11ec-905d-002b67ce00fa,8,202010121454.15
d9c1c588-1ad6-11ec-a352-002b67ce00fa,5,202006110907.11
d9c1e55e-1ad6-11ec-b7b8-002b67ce00fa,2,202006250624.28
d9c1ffb2-1ad6-11ec-9408-002b67ce00fa,7,202012240352.15
d9c219e8-1ad6-11ec-8199-002b67ce00fa,3,202009270106.17
d9c24350-1ad6-11ec-b83a-002b67ce00fa,2,202002170835.41
d9c261be-1ad6-11ec-9e9d-002b67ce00fa,4,202105182046.04
d9c28414-1ad6-11ec-9d2f-002b67ce00fa,6,202108100837.12
d9c2b4b6-1ad6-11ec-8aff-002b67ce00fa,10,202102201941.12
d9c2e526-1ad6-11ec-8d36-002b67ce00fa,4,202105051443.38
d9c3156e-1ad6-11ec-bf4d-002b67ce00fa,6,202112090009.07
d9c34926-1ad6-11ec-838b-002b67ce00fa,9,202002291130.22
d9c36f1e-1ad6-11ec-857e-002b67ce00fa,4,202103242214.56
d9c39cc8-1ad6-11ec-87c2-002b67ce00fa,5,202107070724.10
d9c3bbd6-1ad6-11ec-8fda-002b67ce00fa,2,202102142207.50
d9c3f394-1ad6-11ec-8b48-002b67ce00fa,9,202005101439.08
d9c426de-1ad6-11ec-b956-002b67ce00fa,3,202108161830.51
d9c463a6-1ad6-11ec-ad78-002b67ce00fa,10,202105250506.52
d9c48dae-1ad6-11ec-8364-002b67ce00fa,5,202009030510.03
d9c4b572-1ad6-11ec-bb2b-002b67ce00fa,8,202111290457.34
d9c4f19a-1ad6-11ec-88f9-002b67ce00fa,1,202104162113.29
d9c51c9c-1ad6-11ec-8244-002b67ce00fa,5,202008271817.58
d9c55388-1ad6-11ec-b363-002b67ce00fa,7,202112140040.12
d9c58ef2-1ad6-11ec-a4c4-002b67ce00fa,8,202006261123.13
d9c5e01e-1ad6-11ec-9549-002b67ce00fa,5,202001151706.44
d9c61b74-1ad6-11ec-9c37-002b67ce00fa,2,202004302358.02
d9c64590-1ad6-11ec-8d95-002b67ce00fa,5,202107170221.20
d9c6806e-1ad6-11ec-b14f-002b67ce00fa,3,202104091310.49
d9c6b354-1ad6-11ec-bcb8-002b67ce00fa,4,202004070742.41
d9c6e98c-1ad6-11ec-b721-002b67ce00fa,2,202006250730.51
d9c712b8-1ad6-11ec-a2e0-002b67ce00fa,8,202103301455.41
d9c73e46-1ad6-11ec-bb13-002b67ce00fa,7,202009151513.32
d9c76c36-1ad6-11ec-9db4-002b67ce00fa,4,202103121504.10
d9c7abd8-1ad6-11ec-ac50-002b67ce00fa,4,202005120213.51
d9c7db8a-1ad6-11ec-a457-002b67ce00fa,4,202009081813.09
d9c80772-1ad6-11ec-99f8-002b67ce00fa,9,202002111543.47
d9c826d0-1ad6-11ec-ae35-002b67ce00fa,7,202005031804.22
d9c8506a-1ad6-11ec-9468-002b67ce00fa,4,202107150501.36
d9c88a62-1ad6-11ec-a6da-002b67ce00fa,10,202101070216.16
d9c8c5fe-1ad6-11ec-9645-002b67ce00fa,3,202009050924.34
d9c8fd26-1ad6-11ec-9d9d-002b67ce00fa,2,202007230844.24
d9c92c7e-1ad6-11ec-aa54-002b67ce00fa,2,202106161643.18
d9c94fe2-1ad6-11ec-9d83-002b67ce00fa,1,202010140159.16
d9c97c24-1ad6-11ec-aced-002b67ce00fa,3,202111100238.42
d9c99b5a-1ad6-11ec-88c1-002b67ce00fa,3,202104161435.29
d9c9c062-1ad6-11ec-9453-002b67ce00fa,8,202004262305.11
d9c9e646-1ad6-11ec-806b-002b67ce00fa,4,202011162231.52
d9ca1094-1ad6-11ec-b0c5-002b67ce00fa,2,202005050539.06
d9ca2f52-1ad6-11ec-821e-002b67ce00fa,7,202011121007.32
d9ca5e96-1ad6-11ec-92a9-002b67ce00fa,5,202107221051.15
d9ca7b42-1ad6-11ec-89e3-002b67ce00fa,9,202107192243.14
d9cac0ac-1ad6-11ec-a79e-002b67ce00fa,1,202008140040.33
d9cafefa-1ad6-11ec-8cb3-002b67ce00fa,8,202007022144.48
d9cb1f98-1ad6-11ec-92fb-002b67ce00fa,4,202003240136.20
d9cb3f5a-1ad6-11ec-aca8-002b67ce00fa,3,202110150314.24
d9cb612e-1ad6-11ec-96a1-002b67ce00fa,5,202112061200.48
d9cb8690-1ad6-11ec-a08f-002b67ce00fa,7,202109222014.34
d9cbb17e-1ad6-11ec-8fd2-002b67ce00fa,10,202109100948.28
d9cbd122-1ad6-11ec-a3a5-002b67ce00fa,5,202110230103.16
d9cbeeaa-1ad6-11ec-86e4-002b67ce00fa,10,202007230835.11
d9cc267c-1ad6-11ec-893d-002b67ce00fa,8,202103120159.03
d9cc4e86-1ad6-11ec-bd33-002b67ce00fa,8,202009050252.08
d9cc8efa-1ad6-11ec-bfcd-002b67ce00fa,8,202102130841.31
d9ccb966-1ad6-11ec-b03e-002b67ce00fa,3,202005061449.39
d9ccd752-1ad6-11ec-b7d6-002b67ce00fa,3,202011020725.21
d9cd0470-1ad6-11ec-9487-002b67ce00fa,7,202105241856.41
d9cd30ee-1ad6-11ec-8b30-002b67ce00fa,10,202006140828.06
d9cd50b0-1ad6-11ec-ab17-002b67ce00fa,5,202110070703.41
d9cd9002-1ad6-11ec-8042-002b67ce00fa,5,202003272233.43
d9cdd602-1ad6-11ec-be3e-002b67ce00fa,2,202106271056.30
d9ce2620-1ad6-11ec-9e3c-002b67ce00fa,9,202107251841.22
d9ce5bb8-1ad6-11ec-9dfa-002b67ce00fa,9,202101140850.18
d9ce7918-1ad6-11ec-971b-002b67ce00fa,9,202001241204.20
d9ce954c-1ad6-11ec-8eb3-002b67ce00fa,2,202109192018.39
d9cec904-1ad6-11ec-a09e-002b67ce00fa,4,202107171931.22
d9cee5f6-1ad6-11ec-b9a3-002b67ce00fa,4,202104011931.26
d9cf01e4-1ad6-11ec-86d1-002b67ce00fa,3,202011220614.26
d9cf1ed6-1ad6-11ec-9941-002b67ce00fa,9,202111281207.33
d9cf42f8-1ad6-11ec-ae6e-002b67ce00fa,9,202004222053.23
d9cf739a-1ad6-11ec-8634-002b67ce00fa,7,202001300311.51
d9cfb422-1ad6-11ec-8a04-002b67ce00fa,10,202009170507.57
d9cfdf06-1ad6-11ec-8995-002b67ce00fa,7,202111180113.26
d9d017a0-1ad6-11ec-938f-002b67ce00fa,8,202108172027.21
d9d0446e-1ad6-11ec-93b5-002b67ce00fa,10,202004211852.01
d9d07290-1ad6-11ec-9925-002b67ce00fa,3,202104221037.45
d9d096bc-1ad6-11ec-a476-002b67ce00fa,5,202108071730.01
d9d0b5e8-1ad6-11ec-8260-002b67ce00fa,4,202004261904.11
d9d0d366-1ad6-11ec-a285-002b67ce00fa,6,202108301014.56
d9d0f13e-1ad6-11ec-8767-002b67ce00fa,2,202007241745.26
d9d119ca-1ad6-11ec-9036-002b67ce00fa,2,202007272027.49
d9d13ea0-1ad6-11ec-bf96-002b67ce00fa,1,202010071932.40
d9d15d22-1ad6-11ec-8789-002b67ce00fa,8,202101181508.29
d9d17a32-1ad6-11ec-967b-002b67ce00fa,4,202112151705.50
d9d1981e-1ad6-11ec-b4ca-002b67ce00fa,7,202010311024.17
d9d1b4fc-1ad6-11ec-9a05-002b67ce00fa,9,202104030631.37
d9d1d248-1ad6-11ec-addd-002b67ce00fa,1,202008062316.52
d9d215be-1ad6-11ec-ab14-002b67ce00fa,1,202002041234.48
d9d23fb2-1ad6-11ec-87ff-002b67ce00fa,10,202006121347.39
d9d2615e-1ad6-11ec-b7b4-002b67ce00fa,8,202108121435.07
d9d2aa2e-1ad6-11ec-a6b2-002b67ce00fa,7,202003231403.24
d9d2e11a-1ad6-11ec-9165-002b67ce00fa,4,202012040205.29
d9d302d0-1ad6-11ec-9a5e-002b67ce00fa,1,202009130344.51
d9d34c9a-1ad6-11ec-bb92-002b67ce00fa,8,202104191146.08
d9d39132-1ad6-11ec-91f1-002b67ce00fa,10,202006150905.10
d9d3da0c-1ad6-11ec-a1fa-002b67ce00fa,9,202101251632.53
d9d40e14-1ad6-11ec-8553-002b67ce00fa,7,202005130327.41
d9d44456-1ad6-11ec-95d9-002b67ce00fa,4,202110151956.03
d9d47c5a-1ad6-11ec-ba5a-002b67ce00fa,1,202004171236.55
d9d4aee6-1ad6-11ec-b04d-002b67ce00fa,5,202106241713.55
d9d4ebea-1ad6-11ec-8ed8-002b67ce00fa,10,202001251752.33
d9d51ebc-1ad6-11ec-a113-002b67ce00fa,3,202002151006.13
d9d55abc-1ad6-11ec-a032-002b67ce00fa,10,202007130205.01
d9d593c4-1ad6-11ec-af36-002b67ce00fa,1,202106241910.59
d9d5c02e-1ad6-11ec-b495-002b67ce00fa,4,202111050408.46
d9d600c0-1ad6-11ec-b435-002b67ce00fa,3,202009011235.55
d9d6398c-1ad6-11ec-8198-002b67ce00fa,2,202004040353.23
d9d67960-1ad6-11ec-9255-002b67ce00fa,5,202005301523.56
d9d6b45c-1ad6-11ec-85a6-002b67ce00fa,2,202112110943.44
d9d6f250-1ad6-11ec-b01d-002b67ce00fa,1,202005181609.56
d9d72c02-1ad6-11ec-9df8-002b67ce00fa,3,202012012125.22
d9d75bd2-1ad6-11ec-9f75-002b67ce00fa,9,202104250928.17
d9d78c06-1ad6-11ec-b772-002b67ce00fa,1,202107100930.32
d9d7c130-1ad6-11ec-800a-002b67ce00fa,6,202010121819.33
d9d7fb0a-1ad6-11ec-a3ed-002b67ce00fa,7,202108031731.52
d9d826a2-1ad6-11ec-884c-002b67ce00fa,8,202010012131.49
d9d85f64-1ad6-11ec-bb4d-002b67ce00fa,1,202104172126.54
d9d89f1a-1ad6-11ec-800e-002b67ce00fa,4,202111212143.07
d9d8c31e-1ad6-11ec-99af-002b67ce00fa,10,202009151246.48
d9d8ee34-1ad6-11ec-b129-002b67ce00fa,3,202110170526.21
d9d91d0a-1ad6-11ec-b83a-002b67ce00fa,9,202105211846.43
d9d956bc-1ad6-11ec-896b-002b67ce00fa,6,202106121615.43
d9d99a32-1ad6-11ec-853f-002b67ce00fa,10,202001192004.13
d9d9d1a0-1ad6-11ec-ad8e-002b67ce00fa,6,202002230412.27
d9da2aba-1ad6-11ec-aa4c-002b67ce00fa,8,202104050702.10
d9da61d8-1ad6-11ec-8573-002b67ce00fa,3,202105220559.30
d9da99fa-1ad6-11ec-ac87-002b67ce00fa,3,202109260333.08
d9dacee8-1ad6-11ec-9c08-002b67ce00fa,4,202101170638.46
d9db00b6-1ad6-11ec-91b4-002b67ce00fa,5,202101180220.09
d9db3766-1ad6-11ec-8b38-002b67ce00fa,8,202005140331.33
d9db79ec-1ad6-11ec-b535-002b67ce00fa,9,202107310027.09
d9dbb434-1ad6-11ec-8546-002b67ce00fa,1,202004170643.47
d9dbeada-1ad6-11ec-887b-002b67ce00fa,6,202108041338.15
d9dc3008-1ad6-11ec-baf1-002b67ce00fa,8,202002060215.47
d9dc5d6c-1ad6-11ec-b43c-002b67ce00fa,2,202010252222.30
d9dc9a84-1ad6-11ec-b3d0-002b67ce00fa,3,202003191318.50
d9dcdc2e-1ad6-11ec-8f8b-002b67ce00fa,8,202004230032.29
d9dd20a8-1ad6-11ec-a516-002b67ce00fa,8,202006031634.28
d9dd62ac-1ad6-11ec-b785-002b67ce00fa,9,202112080146.06
d9dd9740-1ad6-11ec-960b-002b67ce00fa,10,202103131345.29
d9ddd052-1ad6-11ec-a336-002b67ce00fa,6,202101290036.05
d9de037e-1ad6-11ec-809f-002b67ce00fa,2,202010110726.36
d9de2eda-1ad6-11ec-8583-002b67ce00fa,4,202103031817.06
d9de6062-1ad6-11ec-86c8-002b67ce00fa,1,202006180141.49
d9de897a-1ad6-11ec-a900-002b67ce00fa,4,202004221651.39
d9deb53a-1ad6-11ec-8fb7-002b67ce00fa,1,202107290416.08
d9ded5a6-1ad6-11ec-9586-002b67ce00fa,10,202011140208.19
d9df0c88-1ad6-11ec-811a-002b67ce00fa,2,202111210622.15
d9df59e0-1ad6-11ec-a4df-002b67ce00fa,1,202007210652.36
d9dfa832-1ad6-11ec-af62-002b67ce00fa,6,202006180307.06
d9dfe09a-1ad6-11ec-8da3-002b67ce00fa,9,202009180554.11
d9e020c8-1ad6-11ec-97c3-002b67ce00fa,2,202101310754.47
d9e04724-1ad6-11ec-9107-002b67ce00fa,9,202009231004.50
d9e0741a-1ad6-11ec-98a0-002b67ce00fa,2,202109070017.33
d9e09788-1ad6-11ec-8d36-002b67ce00fa,8,202108160746.50
d9e0c546-1ad6-11ec-8ff9-002b67ce00fa,9,202003091951.40
d9e0e634-1ad6-11ec-ab14-002b67ce00fa,8,202104260843.41
d9e11410-1ad6-11ec-923f-002b67ce00fa,6,202108162352.23
d9e1338c-1ad6-11ec-8ddf-002b67ce00fa,1,202103240032.21
d9e152cc-1ad6-11ec-9798-002b67ce00fa,3,202109052325.05
d9e181de-1ad6-11ec-9927-002b67ce00fa,4,202112180941.55
d9e1b618-1ad6-11ec-8136-002b67ce00fa,10,202006161026.05
d9e1fb0a-1ad6-11ec-9abc-002b67ce00fa,9,202009301306.45
d9e23b60-1ad6-11ec-bb4a-002b67ce00fa,1,202009110235.30
d9e27f58-1ad6-11ec-bdea-002b67ce00fa,5,202104140133.24
d9e2b9f0-1ad6-11ec-91b2-002b67ce00fa,6,202104071901.47
d9e2e95c-1ad6-11ec-9573-002b67ce00fa,6,202110300315.30
d9e31210-1ad6-11ec-8c8e-002b67ce00fa,8,202108021203.08
d9e33d76-1ad6-11ec-a017-002b67ce00fa,7,202003171917.47
d9e36b2a-1ad6-11ec-bbea-002b67ce00fa,6,202012032000.29
d9e3a176-1ad6-11ec-aee0-002b67ce00fa,4,202005240938.12
d9e3d952-1ad6-11ec-9c34-002b67ce00fa,9,202011011144.04
d9e3fbc6-1ad6-11ec-a5eb-002b67ce00fa,10,202006020857.53
d9e427e0-1ad6-11ec-8b70-002b67ce00fa,7,202002092254.14
d9e465e8-1ad6-11ec-809b-002b67ce00fa,2,202108072327.53
d9e49cb6-1ad6-11ec-a3e0-002b67ce00fa,6,202009160110.27
d9e4cc4a-1ad6-11ec-8682-002b67ce00fa,4,202006182320.44
d9e4ec84-1ad6-11ec-96df-002b67ce00fa,4,202110120042.04
d9e5168c-1ad6-11ec-9a8f-002b67ce00fa,2,202107051823.09
d9e544b8-1ad6-11ec-b32f-002b67ce00fa,1,202005271507.38
d9e56628-1ad6-11ec-a2b8-002b67ce00fa,3,202002041740.39
d9e582c0-1ad6-11ec-a289-002b67ce00fa,4,202112190823.31
d9e5b4d4-1ad6-11ec-b47d-002b67ce00fa,1,202002020220.27
d9e5d4f0-1ad6-11ec-9517-002b67ce00fa,1,202011241353.40
d9e5fdea-1ad6-11ec-8946-002b67ce00fa,2,202005290942.28
d9e61f28-1ad6-11ec-a3f2-002b67ce00fa,8,202104020152.17
d9e653ee-1ad6-11ec-9625-002b67ce00fa,1,202006112248.08
d9e67cfc-1ad6-11ec-ad02-002b67ce00fa,4,202011021236.58
d9e6a98e-1ad6-11ec-a0a6-002b67ce00fa,6,202010251255.38
d9e6da12-1ad6-11ec-9417-002b67ce00fa,8,202009121341.15
d9e710ea-1ad6-11ec-b987-002b67ce00fa,2,202012062108.25
d9e755fa-1ad6-11ec-8240-002b67ce00fa,9,202106131134.01
d9e79e20-1ad6-11ec-ab06-002b67ce00fa,1,202103051759.01
d9e7d25a-1ad6-11ec-92bf-002b67ce00fa,7,202011192018.17
d9e802b6-1ad6-11ec-a407-002b67ce00fa,2,202109210322.14
d9e831a0-1ad6-11ec-9b44-002b67ce00fa,6,202109081014.56
d9e8626a-1ad6-11ec-b537-002b67ce00fa,5,202112210344.11
d9e890d2-1ad6-11ec-a6d4-002b67ce00fa,2,202012290814.28
d9e8cebc-1ad6-11ec-946d-002b67ce00fa,6,202007160219.18
d9e91048-1ad6-11ec-9471-002b67ce00fa,6,202109090425.21
d9e939e2-1ad6-11ec-b6a8-002b67ce00fa,3,202112072349.31
d9e97722-1ad6-11ec-926d-002b67ce00fa,5,202104100245.29
d9e9b35e-1ad6-11ec-85d3-002b67ce00fa,7,202102281042.36
d9e9e91e-1ad6-11ec-b91b-002b67ce00fa,3,202109012150.40
d9ea264a-1ad6-11ec-b978-002b67ce00fa,9,202104191208.48
d9ea5ad4-1ad6-11ec-ad13-002b67ce00fa,10,202002071834.43
d9ea8a04-1ad6-11ec-a928-002b67ce00fa,8,202102070525.46
d9eab952-1ad6-11ec-a375-002b67ce00fa,3,202001271712.29
d9eae580-1ad6-11ec-84ee-002b67ce00fa,1,202004162107.42
d9eb119a-1ad6-11ec-a5a6-002b67ce00fa,4,202108150915.01
d9eb3a58-1ad6-11ec-a978-002b67ce00fa,9,202107221332.10
d9eb6b04-1ad6-11ec-850e-002b67ce00fa,1,202002281300.53
d9eb96a6-1ad6-11ec-9702-002b67ce00fa,7,202105221028.39
d9ebc3c4-1ad6-11ec-99e0-002b67ce00fa,9,202001191122.16
d9ebfd12-1ad6-11ec-a405-002b67ce00fa,1,202010170124.55
d9ec3958-1ad6-11ec-991c-002b67ce00fa,4,202108221306.05
d9ec67f2-1ad6-11ec-a9bc-002b67ce00fa,5,202107211541.30
d9ec954c-1ad6-11ec-8ef3-002b67ce00fa,2,202109081051.56
d9ecd156-1ad6-11ec-9009-002b67ce00fa,4,202102190711.29
d9ed0cfc-1ad6-11ec-b81c-002b67ce00fa,4,202101170132.14
d9ed3132-1ad6-11ec-88c2-002b67ce00fa,2,202001101555.22
d9ed6058-1ad6-11ec-acaf-002b67ce00fa,2,202009302125.06
d9ed9b86-1ad6-11ec-be74-002b67ce00fa,1,202001021303.49
d9edccfa-1ad6-11ec-ae57-002b67ce00fa,7,202110281507.12
d9ededca-1ad6-11ec-96e0-002b67ce00fa,5,202004031400.29
d9ee19da-1ad6-11ec-884d-002b67ce00fa,9,202006210616.41
d9ee3af0-1ad6-11ec-92b8-002b67ce00fa,4,202003141608.24
d9ee6d36-1ad6-11ec-a383-002b67ce00fa,10,202009220941.42
d9ee95ea-1ad6-11ec-9a16-002b67ce00fa,2,202111141848.20
d9eec29a-1ad6-11ec-877b-002b67ce00fa,9,202111120842.13
d9eeefcc-1ad6-11ec-ac0c-002b67ce00fa,7,202008261413.49
d9ef10ba-1ad6-11ec-8661-002b67ce00fa,7,202108241518.09
d9ef535e-1ad6-11ec-8341-002b67ce00fa,3,202005181006.46
d9ef8e8c-1ad6-11ec-b85c-002b67ce00fa,3,202102081043.21
d9efb164-1ad6-11ec-84f1-002b67ce00fa,6,202007292330.09
d9efe18e-1ad6-11ec-be88-002b67ce00fa,2,202111140859.12
d9f00560-1ad6-11ec-9368-002b67ce00fa,4,202111070258.31
d9f03242-1ad6-11ec-bf84-002b67ce00fa,5,202111122318.06
d9f053c6-1ad6-11ec-95ba-002b67ce00fa,9,202101151815.29
d9f07fb8-1ad6-11ec-9ef3-002b67ce00fa,1,202111250525.06
d9f09fe8-1ad6-11ec-87e0-002b67ce00fa,3,202107010920.58
d9f0cf7c-1ad6-11ec-9639-002b67ce00fa,6,202011160831.32
d9f0f2ae-1ad6-11ec-99e4-002b67ce00fa,8,202112161310.18
d9f12e04-1ad6-11ec-89fc-002b67ce00fa,3,202109110301.52
d9f15eb0-1ad6-11ec-833b-002b67ce00fa,2,202111060858.24
d9f18e80-1ad6-11ec-981f-002b67ce00fa,2,202106081052.24
d9f1af3c-1ad6-11ec-8524-002b67ce00fa,7,202109181728.14
d9f1df8e-1ad6-11ec-adf1-002b67ce00fa,4,202004030100.22
d9f216fc-1ad6-11ec-a4cd-002b67ce00fa,3,202105100259.54
d9f2516c-1ad6-11ec-a016-002b67ce00fa,3,202005080912.54
d9f27b2e-1ad6-11ec-a378-002b67ce00fa,10,202107180353.38
d9f2a6e4-1ad6-11ec-81d7-002b67ce00fa,7,202003290232.46
d9f2dbb4-1ad6-11ec-b4c4-002b67ce00fa,4,202005102055.35
d9f302e2-1ad6-11ec-9c2c-002b67ce00fa,5,202012092246.58
d9f32bfa-1ad6-11ec-8a66-002b67ce00fa,7,202012292026.29
d9f37326-1ad6-11ec-a6e9-002b67ce00fa,10,202010021548.23
d9f3b6a6-1ad6-11ec-96c1-002b67ce00fa,2,202104292002.14
d9f3f224-1ad6-11ec-99a6-002b67ce00fa,9,202112041325.17
d9f43b44-1ad6-11ec-86e5-002b67ce00fa,5,202006080356.51
d9f475d2-1ad6-11ec-b22f-002b67ce00fa,6,202105010659.28
d9f4bbe6-1ad6-11ec-af46-002b67ce00fa,6,202109221309.36
d9f4ff70-1ad6-11ec-8711-002b67ce00fa,10,202110201520.13
d9f547e6-1ad6-11ec-9985-002b67ce00fa,8,202008111850.18
d9f57f36-1ad6-11ec-aefc-002b67ce00fa,6,202003141913.06
d9f5c22a-1ad6-11ec-bd07-002b67ce00fa,5,202108251345.37
d9f60f32-1ad6-11ec-82f6-002b67ce00fa,9,202109121217.51
d9f64100-1ad6-11ec-b81b-002b67ce00fa,1,202002241728.16
d9f679e0-1ad6-11ec-ab01-002b67ce00fa,9,202005100116.29
d9f6be00-1ad6-11ec-a000-002b67ce00fa,1,202009260304.44
d9f6fd5c-1ad6-11ec-93de-002b67ce00fa,10,202006131539.17
d9f74730-1ad6-11ec-a55d-002b67ce00fa,2,202101181255.27
d9f7827c-1ad6-11ec-a759-002b67ce00fa,5,202011060320.53
d9f7bc42-1ad6-11ec-bd48-002b67ce00fa,4,202009091926.12
d9f7fc16-1ad6-11ec-af84-002b67ce00fa,4,202105060043.22
d9f84036-1ad6-11ec-8a0c-002b67ce00fa,8,202011241042.27
d9f8806e-1ad6-11ec-9d0c-002b67ce00fa,8,202102061948.13
d9f8d17c-1ad6-11ec-b14f-002b67ce00fa,7,202001272342.48
d9f9183a-1ad6-11ec-a1fa-002b67ce00fa,7,202010141831.11
d9f95958-1ad6-11ec-b6cb-002b67ce00fa,2,202007241208.49
d9f9a7aa-1ad6-11ec-b11e-002b67ce00fa,9,202012131122.30
d9f9f0c0-1ad6-11ec-9e10-002b67ce00fa,1,202109031056.24
d9fa2da6-1ad6-11ec-b1dd-002b67ce00fa,6,202001252125.58
d9fa62bc-1ad6-11ec-97c9-002b67ce00fa,5,202010210212.45
d9fa8d14-1ad6-11ec-b2a3-002b67ce00fa,10,202004211516.43
d9fab014-1ad6-11ec-91cf-002b67ce00fa,4,202105291138.43
d9fad9a4-1ad6-11ec-bc55-002b67ce00fa,4,202104101648.26
d9fb0c44-1ad6-11ec-8558-002b67ce00fa,2,202004071541.59
d9fb3b06-1ad6-11ec-ab76-002b67ce00fa,5,202106211752.07
d9fb7df0-1ad6-11ec-b4e1-002b67ce00fa,5,202012180258.43
d9fbbe3c-1ad6-11ec-bfc4-002b67ce00fa,1,202008100453.17
d9fbe16e-1ad6-11ec-b33a-002b67ce00fa,8,202002282207.46
d9fc031a-1ad6-11ec-a6b8-002b67ce00fa,4,202006090334.35
d9fc3434-1ad6-11ec-9c18-002b67ce00fa,4,202001132143.23
d9fc74ee-1ad6-11ec-8492-002b67ce00fa,3,202101131516.23
d9fc991a-1ad6-11ec-bcff-002b67ce00fa,2,202008210037.25
d9fccb4c-1ad6-11ec-bf60-002b67ce00fa,4,202103272109.25
d9fcf824-1ad6-11ec-9dc7-002b67ce00fa,7,202108041842.44
d9fd2c0e-1ad6-11ec-97c9-002b67ce00fa,4,202101231309.06
d9fd5c9c-1ad6-11ec-aba1-002b67ce00fa,5,202005211600.12
d9fd8c8a-1ad6-11ec-961c-002b67ce00fa,8,202003311005.26
d9fdc5ce-1ad6-11ec-ab00-002b67ce00fa,6,202009070900.57
d9fdebee-1ad6-11ec-8468-002b67ce00fa,2,202109261624.43
d9fe08c2-1ad6-11ec-a186-002b67ce00fa,3,202105221912.39
d9fe28e8-1ad6-11ec-a513-002b67ce00fa,8,202104141308.26
d9fe5138-1ad6-11ec-a8cf-002b67ce00fa,3,202112301152.41
d9fe9184-1ad6-11ec-aabf-002b67ce00fa,9,202106171859.33
d9feb81c-1ad6-11ec-be79-002b67ce00fa,9,202107260615.12
d9fed734-1ad6-11ec-9807-002b67ce00fa,10,202001271650.31
d9ff0bbe-1ad6-11ec-9dec-002b67ce00fa,9,202105230241.33
d9ff4c82-1ad6-11ec-8546-002b67ce00fa,3,202005060502.33
d9ff6c1c-1ad6-11ec-8aee-002b67ce00fa,10,202010092053.13
d9ffaa4c-1ad6-11ec-a3af-002b67ce00fa,4,202001071458.42
d9ffcc70-1ad6-11ec-801d-002b67ce00fa,10,202110221355.43
da00001e-1ad6-11ec-8568-002b67ce00fa,4,202010040301.11
da002c7e-1ad6-11ec-bec4-002b67ce00fa,8,202103010651.51
da00585c-1ad6-11ec-9d23-002b67ce00fa,6,202103200439.38
da009204-1ad6-11ec-b5cf-002b67ce00fa,6,202005061531.02
da00bb94-1ad6-11ec-a2d5-002b67ce00fa,10,202104260430.30
da00f9c4-1ad6-11ec-afd6-002b67ce00fa,1,202004260051.47
da012b1a-1ad6-11ec-a916-002b67ce00fa,7,202110071703.04
da01683c-1ad6-11ec-9cef-002b67ce00fa,2,202007251817.24
da018eca-1ad6-11ec-92fe-002b67ce00fa,1,202005210501.18
da01ae8c-1ad6-11ec-a7f5-002b67ce00fa,7,202011042248.27
da01e262-1ad6-11ec-bd95-002b67ce00fa,3,202005112105.37
da021db8-1ad6-11ec-b9f8-002b67ce00fa,3,202106020003.23
da02529c-1ad6-11ec-ac6c-002b67ce00fa,9,202109110027.30
da029342-1ad6-11ec-b5cf-002b67ce00fa,4,202005101737.40
da02d4c4-1ad6-11ec-af04-002b67ce00fa,10,202108110544.17
da030566-1ad6-11ec-abb5-002b67ce00fa,6,202107211042.55
da032a78-1ad6-11ec-b737-002b67ce00fa,8,202003311400.14
da036218-1ad6-11ec-a841-002b67ce00fa,10,202011300749.38
da03903a-1ad6-11ec-8e4d-002b67ce00fa,9,202110141925.54
da03d1bc-1ad6-11ec-afa9-002b67ce00fa,8,202103120710.53
da0402fe-1ad6-11ec-b1a4-002b67ce00fa,6,202005070718.43
da043440-1ad6-11ec-a66b-002b67ce00fa,1,202105241832.48
da04696a-1ad6-11ec-b55d-002b67ce00fa,6,202106071733.13
da049e3a-1ad6-11ec-9b16-002b67ce00fa,8,202109140315.39
da04daf8-1ad6-11ec-90aa-002b67ce00fa,4,202010291242.31
da04ffe2-1ad6-11ec-be6a-002b67ce00fa,5,202004301108.01
da0531ec-1ad6-11ec-85ab-002b67ce00fa,6,202001300122.04
da05733c-1ad6-11ec-b67e-002b67ce00fa,6,202011050807.40
da05a14a-1ad6-11ec-89c7-002b67ce00fa,8,202004042330.21
da05d138-1ad6-11ec-8d02-002b67ce00fa,8,202007211321.51
da0616a2-1ad6-11ec-85c3-002b67ce00fa,4,202010260207.08
da0650ae-1ad6-11ec-8453-002b67ce00fa,5,202105301444.16
da066fee-1ad6-11ec-8f73-002b67ce00fa,6,202009250643.26
da069ffa-1ad6-11ec-8bdf-002b67ce00fa,1,202103222341.21
da06d60a-1ad6-11ec-aed3-002b67ce00fa,6,202104090159.41
da07059e-1ad6-11ec-95a5-002b67ce00fa,9,202002030804.22
da0731c2-1ad6-11ec-9a3e-002b67ce00fa,6,202004070057.16
da0760e8-1ad6-11ec-92aa-002b67ce00fa,5,202108201143.25
da078e4c-1ad6-11ec-803b-002b67ce00fa,4,202109300848.46
da07b3c2-1ad6-11ec-9069-002b67ce00fa,7,202002022352.36
da07f468-1ad6-11ec-9aab-002b67ce00fa,2,202112270515.39
da083522-1ad6-11ec-a096-002b67ce00fa,4,202007250157.21
da085714-1ad6-11ec-bcf6-002b67ce00fa,8,202005180819.37
da089fbc-1ad6-11ec-9e11-002b67ce00fa,1,202106200247.49
da08cb0e-1ad6-11ec-8d70-002b67ce00fa,8,202108241611.51
da090880-1ad6-11ec-bd88-002b67ce00fa,4,202102120139.34
da0943ae-1ad6-11ec-9f26-002b67ce00fa,5,202108270449.19
da096d5c-1ad6-11ec-8fd2-002b67ce00fa,6,202112180816.49
da09a682-1ad6-11ec-ac93-002b67ce00fa,9,202007261641.58
da09e2b4-1ad6-11ec-8d66-002b67ce00fa,4,202106190708.47
da0a099c-1ad6-11ec-945c-002b67ce00fa,5,202001112059.02
da0a4254-1ad6-11ec-bf15-002b67ce00fa,7,202008261223.20
da0a7828-1ad6-11ec-b81b-002b67ce00fa,3,202007020959.44
da0aa1c2-1ad6-11ec-9b69-002b67ce00fa,7,202004262038.00
da0addcc-1ad6-11ec-92bd-002b67ce00fa,3,202111271409.21
da0b0fa4-1ad6-11ec-a36f-002b67ce00fa,9,202004272115.16
da0b3a6a-1ad6-11ec-8a62-002b67ce00fa,2,202104211040.09
da0b6648-1ad6-11ec-ae29-002b67ce00fa,3,202005141852.50
da0ba4aa-1ad6-11ec-8e9b-002b67ce00fa,1,202105180253.11
da0be51e-1ad6-11ec-a2ab-002b67ce00fa,4,202104212151.25
da0c170a-1ad6-11ec-8045-002b67ce00fa,10,202003111614.24
da0c4b26-1ad6-11ec-bff5-002b67ce00fa,10,202003190422.17
da0c8672-1ad6-11ec-a4b1-002b67ce00fa,7,202102160653.13
da0cba66-1ad6-11ec-bfc9-002b67ce00fa,10,202007170402.22
da0cfc56-1ad6-11ec-91d4-002b67ce00fa,2,202103261906.57
da0d5516-1ad6-11ec-9c51-002b67ce00fa,10,202008020027.37
da0d8392-1ad6-11ec-847a-002b67ce00fa,1,202101231059.04
da0db4de-1ad6-11ec-8df9-002b67ce00fa,8,202005010938.24
da0df1ec-1ad6-11ec-9605-002b67ce00fa,8,202008191513.11
da0e2b1c-1ad6-11ec-84f6-002b67ce00fa,3,202101120239.48
da0e574a-1ad6-11ec-8323-002b67ce00fa,5,202006182051.05
da0e81ac-1ad6-11ec-bf6a-002b67ce00fa,10,202103220735.10
da0ebd2a-1ad6-11ec-9ee3-002b67ce00fa,4,202108270559.50
da0ef1dc-1ad6-11ec-bab5-002b67ce00fa,5,202105200256.57
da0f1a54-1ad6-11ec-bd49-002b67ce00fa,4,202005171745.54
da0f5000-1ad6-11ec-8da4-002b67ce00fa,6,202111210019.44
da0f7b20-1ad6-11ec-b1cd-002b67ce00fa,5,202110300048.54
da0fb7c0-1ad6-11ec-9284-002b67ce00fa,6,202009162058.25
da0ff302-1ad6-11ec-beff-002b67ce00fa,7,202009061753.04
da1022dc-1ad6-11ec-82f4-002b67ce00fa,6,202103121337.30
da104500-1ad6-11ec-9854-002b67ce00fa,1,202105100816.08
da1075b6-1ad6-11ec-a128-002b67ce00fa,3,202004251055.53
da10b800-1ad6-11ec-a682-002b67ce00fa,7,202112291511.34
da10da88-1ad6-11ec-bf23-002b67ce00fa,4,202005211058.39
da1107f6-1ad6-11ec-942d-002b67ce00fa,6,202109200621.11
da1136cc-1ad6-11ec-99f1-002b67ce00fa,3,202010131337.42
da115e18-1ad6-11ec-ae63-002b67ce00fa,8,202111192331.46
da119266-1ad6-11ec-9764-002b67ce00fa,5,202101031328.28
da11b278-1ad6-11ec-bfc2-002b67ce00fa,9,202001142253.20
da11de10-1ad6-11ec-904f-002b67ce00fa,4,202003031206.03
da12145c-1ad6-11ec-9ad4-002b67ce00fa,1,202011220501.12
da124fd0-1ad6-11ec-a1a2-002b67ce00fa,5,202010201215.36
da12848c-1ad6-11ec-aaac-002b67ce00fa,10,202011171920.14
da12ac6e-1ad6-11ec-a3e1-002b67ce00fa,10,202108050438.57
da12dc20-1ad6-11ec-ac40-002b67ce00fa,4,202112301349.49
da13016e-1ad6-11ec-8364-002b67ce00fa,2,202107170525.51
da133616-1ad6-11ec-b09d-002b67ce00fa,8,202006201847.20
da13687a-1ad6-11ec-9b11-002b67ce00fa,10,202006030632.52
da139c5a-1ad6-11ec-8dc9-002b67ce00fa,6,202102111714.40
da13d684-1ad6-11ec-8ab2-002b67ce00fa,3,202103250316.23
da141108-1ad6-11ec-9335-002b67ce00fa,3,202011010021.25
da1436a6-1ad6-11ec-a4b2-002b67ce00fa,7,202001280635.43
da146a2c-1ad6-11ec-af85-002b67ce00fa,2,202009030608.34
da14968c-1ad6-11ec-9eb0-002b67ce00fa,10,202103201714.17
da14cc4c-1ad6-11ec-9702-002b67ce00fa,5,202105010654.04
da14f046-1ad6-11ec-9c54-002b67ce00fa,4,202004131438.21
da152b56-1ad6-11ec-8fae-002b67ce00fa,7,202007050534.01
da1569b8-1ad6-11ec-b9fa-002b67ce00fa,3,202109081221.39
da15905a-1ad6-11ec-be71-002b67ce00fa,8,202106192057.12
da15cc1e-1ad6-11ec-a79f-002b67ce00fa,3,202102190416.06
da15f46e-1ad6-11ec-9b07-002b67ce00fa,2,202107062218.42
da162178-1ad6-11ec-a295-002b67ce00fa,2,202006121010.24
da165c88-1ad6-11ec-bc27-002b67ce00fa,7,202109221912.15
da167fb0-1ad6-11ec-bd13-002b67ce00fa,7,202108182025.19
da16ac60-1ad6-11ec-af6f-002b67ce00fa,3,202108272129.15
da16ddac-1ad6-11ec-89d3-002b67ce00fa,1,202103261418.43
da171380-1ad6-11ec-be29-002b67ce00fa,9,202008180554.48
da174864-1ad6-11ec-8882-002b67ce00fa,10,202102101358.29
da177686-1ad6-11ec-aa17-002b67ce00fa,8,202109151045.50
da17a912-1ad6-11ec-b7ef-002b67ce00fa,5,202104031243.54
da17e256-1ad6-11ec-bc38-002b67ce00fa,6,202005260223.48
da1821e4-1ad6-11ec-ae2f-002b67ce00fa,1,202007121821.45
da184584-1ad6-11ec-91f4-002b67ce00fa,9,202102232120.31
da187f9a-1ad6-11ec-9ed7-002b67ce00fa,10,202006071454.41
da18b596-1ad6-11ec-83d7-002b67ce00fa,4,202111081246.10
da18ecb4-1ad6-11ec-b6d6-002b67ce00fa,10,202011302312.15
da190d5c-1ad6-11ec-815b-002b67ce00fa,5,202103201850.53
da1939d0-1ad6-11ec-931c-002b67ce00fa,5,202105120919.14
da195a6e-1ad6-11ec-a87a-002b67ce00fa,1,202112070153.51
da199218-1ad6-11ec-9c0c-002b67ce00fa,1,202003260234.11
da19dbf6-1ad6-11ec-9f1b-002b67ce00fa,4,202109050943.20
da1a17f6-1ad6-11ec-8b72-002b67ce00fa,1,202004191413.35
da1a4dca-1ad6-11ec-a56c-002b67ce00fa,9,202109292228.55
da1a90fa-1ad6-11ec-8506-002b67ce00fa,6,202009111558.54
da1ac340-1ad6-11ec-bbf6-002b67ce00fa,1,202007012309.00
da1b00ee-1ad6-11ec-80c9-002b67ce00fa,1,202002091415.54
da1b4a0e-1ad6-11ec-a9d6-002b67ce00fa,8,202111292051.11
da1b9504-1ad6-11ec-9432-002b67ce00fa,3,202110042115.37
da1bd500-1ad6-11ec-9dff-002b67ce00fa,7,202103271338.07
da1c0548-1ad6-11ec-a20b-002b67ce00fa,7,202110190532.07
da1c39fa-1ad6-11ec-a838-002b67ce00fa,10,202005161624.54
da1c8ef0-1ad6-11ec-97fc-002b67ce00fa,10,202005291230.42
da1cd248-1ad6-11ec-95b5-002b67ce00fa,7,202105301503.07
da1d149c-1ad6-11ec-a9d4-002b67ce00fa,2,202007260132.33
da1d4584-1ad6-11ec-baf5-002b67ce00fa,2,202008081216.25
da1d808a-1ad6-11ec-8dfa-002b67ce00fa,6,202008191504.33
da1db82a-1ad6-11ec-96bb-002b67ce00fa,4,202105131409.16
da1e00b4-1ad6-11ec-abe3-002b67ce00fa,3,202107281355.03
da1e4a92-1ad6-11ec-8924-002b67ce00fa,2,202111060636.33
da1e8138-1ad6-11ec-843e-002b67ce00fa,4,202007171108.08
da1ec12a-1ad6-11ec-976d-002b67ce00fa,9,202001270149.47
da1f183c-1ad6-11ec-ae3d-002b67ce00fa,5,202104021507.05
da1f4906-1ad6-11ec-8a8b-002b67ce00fa,2,202103140654.52
da1f6b98-1ad6-11ec-a37a-002b67ce00fa,4,202112032247.23
da1f8ca4-1ad6-11ec-88ee-002b67ce00fa,10,202008021007.36
da1fbc1a-1ad6-11ec-abce-002b67ce00fa,4,202004290829.52
da1feb86-1ad6-11ec-92d8-002b67ce00fa,3,202012190946.40
da2017e6-1ad6-11ec-8df5-002b67ce00fa,9,202003241331.58
da2038fc-1ad6-11ec-84a7-002b67ce00fa,9,202005051213.55
da205ba2-1ad6-11ec-af8a-002b67ce00fa,3,202103201158.27
da2088ca-1ad6-11ec-99ca-002b67ce00fa,7,202110060348.24
da20aa62-1ad6-11ec-93c1-002b67ce00fa,4,202006202251.34
da20ce52-1ad6-11ec-8e18-002b67ce00fa,3,202009240018.27
da20fc88-1ad6-11ec-bddc-002b67ce00fa,2,202010222259.48
da212c4e-1ad6-11ec-a47d-002b67ce00fa,7,202006150231.04
da215034-1ad6-11ec-9eef-002b67ce00fa,9,202002032338.40
da217e88-1ad6-11ec-ac85-002b67ce00fa,8,202102260011.32
da21ac96-1ad6-11ec-a6e0-002b67ce00fa,3,202110301416.43
da21cfb4-1ad6-11ec-b555-002b67ce00fa,9,202111070925.15
da21feee-1ad6-11ec-b738-002b67ce00fa,5,202106250837.43
da222126-1ad6-11ec-95af-002b67ce00fa,7,202112090443.06
da22419c-1ad6-11ec-ab73-002b67ce00fa,7,202112310925.59
da22624e-1ad6-11ec-b6a7-002b67ce00fa,7,202101200101.48
da22aeca-1ad6-11ec-b77b-002b67ce00fa,9,202005262012.23
da22d8a0-1ad6-11ec-8bd9-002b67ce00fa,2,202111281729.51
da2309ec-1ad6-11ec-9159-002b67ce00fa,8,202012040855.35
da232d6e-1ad6-11ec-a66f-002b67ce00fa,7,202103311731.04
da236d38-1ad6-11ec-a308-002b67ce00fa,2,202006140845.44
da23a4d8-1ad6-11ec-9ab1-002b67ce00fa,5,202106141729.32
da23d6e2-1ad6-11ec-acd9-002b67ce00fa,8,202102182325.07
da240e1e-1ad6-11ec-9520-002b67ce00fa,9,202004121009.54
da244834-1ad6-11ec-949d-002b67ce00fa,7,202011101800.07
da24694a-1ad6-11ec-a0fa-002b67ce00fa,7,202006281106.50
da24a6f8-1ad6-11ec-bf3a-002b67ce00fa,5,202012142126.08
da24dbb4-1ad6-11ec-be2a-002b67ce00fa,1,202108212105.56
da25044a-1ad6-11ec-8f40-002b67ce00fa,6,202108031158.42
da252ff6-1ad6-11ec-868a-002b67ce00fa,4,202109251456.49
da254e3c-1ad6-11ec-b921-002b67ce00fa,3,202101241457.10
da257b78-1ad6-11ec-9ea7-002b67ce00fa,2,202106251811.34
da25993c-1ad6-11ec-ae72-002b67ce00fa,9,202002160553.06
da25cd9e-1ad6-11ec-817c-002b67ce00fa,10,202012211610.18
da25f116-1ad6-11ec-91fe-002b67ce00fa,2,202109241320.04
da26280c-1ad6-11ec-8fba-002b67ce00fa,3,202012150109.03
da264e5e-1ad6-11ec-b7a9-002b67ce00fa,6,202006231047.32
da26854a-1ad6-11ec-a7ef-002b67ce00fa,6,202006081900.13
da26bcb8-1ad6-11ec-a15d-002b67ce00fa,10,202112122051.25
da26e04e-1ad6-11ec-8972-002b67ce00fa,6,202107011618.04
da270e34-1ad6-11ec-9262-002b67ce00fa,10,202108311726.27
da2750ba-1ad6-11ec-8ee5-002b67ce00fa,7,202111280247.50
da2782f6-1ad6-11ec-accb-002b67ce00fa,10,202107041850.20
da27a8a8-1ad6-11ec-9ea9-002b67ce00fa,1,202112111329.35
da27e340-1ad6-11ec-8d8b-002b67ce00fa,8,202104121410.57
da28268e-1ad6-11ec-8533-002b67ce00fa,7,202006221823.52
da285abe-1ad6-11ec-8f8d-002b67ce00fa,9,202012080451.30
da288958-1ad6-11ec-aac7-002b67ce00fa,9,202009150033.58
da28c95e-1ad6-11ec-a5a2-002b67ce00fa,7,202011100433.00
da291fda-1ad6-11ec-9647-002b67ce00fa,9,202107281450.52
da294690-1ad6-11ec-88f6-002b67ce00fa,4,202111272142.56
da2974f8-1ad6-11ec-9b20-002b67ce00fa,2,202112081712.58
da299e24-1ad6-11ec-81ce-002b67ce00fa,3,202108101958.26
da29e0b4-1ad6-11ec-bf95-002b67ce00fa,4,202110160506.14
da2a1dfe-1ad6-11ec-ae0d-002b67ce00fa,6,202012222256.25
da2a55ee-1ad6-11ec-be96-002b67ce00fa,8,202001221120.56
da2a9612-1ad6-11ec-95c9-002b67ce00fa,1,202006120042.31
da2ac3c6-1ad6-11ec-a553-002b67ce00fa,7,202104301551.56
da2af7ba-1ad6-11ec-81d9-002b67ce00fa,7,202004240925.31
da2b2f1e-1ad6-11ec-b7ed-002b67ce00fa,6,202006032002.45
da2b7956-1ad6-11ec-98ad-002b67ce00fa,1,202102011354.56
da2bdce8-1ad6-11ec-8e5c-002b67ce00fa,2,202109251105.53
da2c385a-1ad6-11ec-b8d7-002b67ce00fa,6,202104070912.40
da2c80a8-1ad6-11ec-bbdc-002b67ce00fa,2,202005062253.16
da2cca7c-1ad6-11ec-9c0f-002b67ce00fa,5,202001181148.15
da2d0a14-1ad6-11ec-ab42-002b67ce00fa,2,202112142209.41
da2d4e0c-1ad6-11ec-8768-002b67ce00fa,1,202007252308.11
da2d6f86-1ad6-11ec-8587-002b67ce00fa,9,202003150733.30
da2d904c-1ad6-11ec-9d74-002b67ce00fa,8,202108260357.12
da2db144-1ad6-11ec-9737-002b67ce00fa,3,202009061903.35
da2dd462-1ad6-11ec-ac50-002b67ce00fa,3,202108011207.50
da2dff32-1ad6-11ec-afa8-002b67ce00fa,10,202111181802.19
da2e31d2-1ad6-11ec-aef0-002b67ce00fa,2,202002222152.25
da2e6486-1ad6-11ec-9767-002b67ce00fa,8,202104071701.46
da2e8f6a-1ad6-11ec-ae59-002b67ce00fa,2,202112050418.04
da2ebe04-1ad6-11ec-89ce-002b67ce00fa,8,202004251332.40
da2eec44-1ad6-11ec-984c-002b67ce00fa,2,202004122218.44
da2f13c2-1ad6-11ec-be95-002b67ce00fa,4,202108010807.56
da2f409a-1ad6-11ec-bbf4-002b67ce00fa,3,202112011125.11
da2f7178-1ad6-11ec-a3ee-002b67ce00fa,10,202006200240.51
da2fa26a-1ad6-11ec-8db7-002b67ce00fa,2,202001140237.03
da2fcc90-1ad6-11ec-9d78-002b67ce00fa,3,202003221430.00
da2ff7e2-1ad6-11ec-8e14-002b67ce00fa,5,202104171824.09
da302244-1ad6-11ec-bab6-002b67ce00fa,7,202007140308.29
da304756-1ad6-11ec-9625-002b67ce00fa,6,202009031213.43
da30792e-1ad6-11ec-aaf0-002b67ce00fa,7,202109040018.10
da30b20e-1ad6-11ec-aaa8-002b67ce00fa,3,202007251054.22
da30ee18-1ad6-11ec-9d95-002b67ce00fa,2,202003160631.12
da312e64-1ad6-11ec-a5f3-002b67ce00fa,2,202004301357.07
da316c30-1ad6-11ec-89ad-002b67ce00fa,6,202010031936.10
da319bd8-1ad6-11ec-9116-002b67ce00fa,5,202010310917.35
da31d13e-1ad6-11ec-9524-002b67ce00fa,3,202001280229.49
da31fc86-1ad6-11ec-92c3-002b67ce00fa,7,202108110851.45
da322ea4-1ad6-11ec-b058-002b67ce00fa,10,202011301540.04
da325c44-1ad6-11ec-9cca-002b67ce00fa,4,202006110528.56
da328778-1ad6-11ec-84fd-002b67ce00fa,4,202105112237.30
da32b3ce-1ad6-11ec-b36e-002b67ce00fa,7,202012290956.16
da32f596-1ad6-11ec-bad9-002b67ce00fa,9,202012111251.25
da332ca0-1ad6-11ec-8bab-002b67ce00fa,4,202007241814.46
da335a36-1ad6-11ec-87e4-002b67ce00fa,6,202109141950.15
da339d7a-1ad6-11ec-91e6-002b67ce00fa,8,202012100927.23
da33d93e-1ad6-11ec-80de-002b67ce00fa,10,202012222008.27
da340864-1ad6-11ec-980b-002b67ce00fa,5,202105200824.07
da344ef0-1ad6-11ec-9093-002b67ce00fa,9,202108240606.05
da347a7e-1ad6-11ec-92de-002b67ce00fa,6,202110141040.25
da34aa80-1ad6-11ec-b40c-002b67ce00fa,2,202001100442.39
da34d8fc-1ad6-11ec-bce1-002b67ce00fa,8,202004071640.04
da351e0c-1ad6-11ec-8a14-002b67ce00fa,9,202102282118.12
da3565ba-1ad6-11ec-b5e0-002b67ce00fa,8,202003180450.34
da35a07a-1ad6-11ec-9574-002b67ce00fa,8,202111300722.50
da35f12e-1ad6-11ec-9282-002b67ce00fa,7,202103070710.25
da362ec8-1ad6-11ec-8ede-002b67ce00fa,2,202107201038.21
da366974-1ad6-11ec-8172-002b67ce00fa,8,202110262227.11
da36a592-1ad6-11ec-a1e9-002b67ce00fa,3,202001092105.27
da36e52a-1ad6-11ec-90c7-002b67ce00fa,10,202101121020.24
da371ff4-1ad6-11ec-a99a-002b67ce00fa,2,202108300810.45
da37687e-1ad6-11ec-b8e5-002b67ce00fa,8,202110311931.04
da37a5f0-1ad6-11ec-ba6f-002b67ce00fa,7,202004201155.21
da37e9ca-1ad6-11ec-9d7b-002b67ce00fa,3,202104291925.50
da38257a-1ad6-11ec-8134-002b67ce00fa,2,202010121704.16
da386224-1ad6-11ec-b85f-002b67ce00fa,3,202108301840.51
da38b03a-1ad6-11ec-832a-002b67ce00fa,9,202106031418.06
da38e41a-1ad6-11ec-a7cc-002b67ce00fa,9,202110201510.21
da392704-1ad6-11ec-9ab9-002b67ce00fa,10,202107051444.26
da396bc4-1ad6-11ec-b2a7-002b67ce00fa,1,202008232212.27
da39a094-1ad6-11ec-a51e-002b67ce00fa,8,202105210738.23
da39cce0-1ad6-11ec-a090-002b67ce00fa,2,202104240531.33
da39f71a-1ad6-11ec-98b7-002b67ce00fa,1,202003220214.06
da3a36ee-1ad6-11ec-9889-002b67ce00fa,6,202110282322.12
da3a7a32-1ad6-11ec-8207-002b67ce00fa,5,202012200330.28
da3aa87c-1ad6-11ec-a57e-002b67ce00fa,10,202108271509.29
da3ae5e4-1ad6-11ec-8e59-002b67ce00fa,1,202010141143.53
da3b19d8-1ad6-11ec-9d09-002b67ce00fa,3,202003020752.55
da3b4340-1ad6-11ec-8ba9-002b67ce00fa,1,202112210251.08
da3b8e22-1ad6-11ec-b5fd-002b67ce00fa,5,202007260158.56
da3bc46e-1ad6-11ec-a508-002b67ce00fa,5,202004010256.41
da3bf934-1ad6-11ec-b608-002b67ce00fa,8,202110021115.26
da3c2f12-1ad6-11ec-b24a-002b67ce00fa,10,202107081640.28
da3c6298-1ad6-11ec-b8ff-002b67ce00fa,5,202005021728.42
da3c998e-1ad6-11ec-b948-002b67ce00fa,10,202108151548.50
da3cd5a2-1ad6-11ec-b2ba-002b67ce00fa,6,202102061607.33
da3d07e8-1ad6-11ec-b18b-002b67ce00fa,9,202007081721.57
da3d5e14-1ad6-11ec-912e-002b67ce00fa,2,202103081541.16
da3d9bf4-1ad6-11ec-8672-002b67ce00fa,4,202012082254.13
da3dd952-1ad6-11ec-bb89-002b67ce00fa,6,202107012211.39
da3e0cc4-1ad6-11ec-823b-002b67ce00fa,9,202008310529.59
da3e420c-1ad6-11ec-b281-002b67ce00fa,7,202111132129.07
da3e70ce-1ad6-11ec-9a93-002b67ce00fa,7,202006261218.28
da3ea58a-1ad6-11ec-b3cb-002b67ce00fa,10,202009230114.56
da3ee450-1ad6-11ec-9ee6-002b67ce00fa,8,202011190425.20
da3f1d44-1ad6-11ec-bfe5-002b67ce00fa,10,202104131712.29
da3f4972-1ad6-11ec-ba4c-002b67ce00fa,2,202012161719.26
da3f792e-1ad6-11ec-b60d-002b67ce00fa,2,202007312315.34
da3face6-1ad6-11ec-b9f1-002b67ce00fa,5,202010240257.06
da3fe364-1ad6-11ec-aea3-002b67ce00fa,5,202105011510.48
da402720-1ad6-11ec-8ed9-002b67ce00fa,4,202006160003.45
da406dfc-1ad6-11ec-b65d-002b67ce00fa,10,202009010751.35
da40b7ee-1ad6-11ec-aa35-002b67ce00fa,1,202004111624.41
da40f006-1ad6-11ec-b700-002b67ce00fa,7,202011100638.02
da4128fa-1ad6-11ec-8989-002b67ce00fa,9,202007030943.26
da415fd2-1ad6-11ec-bb02-002b67ce00fa,1,202101271245.23
da419c7c-1ad6-11ec-b80f-002b67ce00fa,9,202111010520.00
da41d0f2-1ad6-11ec-a560-002b67ce00fa,9,202006262020.05
da421b16-1ad6-11ec-8d54-002b67ce00fa,1,202004111849.13
da426580-1ad6-11ec-9907-002b67ce00fa,3,202105141323.41
da42ac84-1ad6-11ec-b24e-002b67ce00fa,7,202105031827.52
da42de20-1ad6-11ec-9b49-002b67ce00fa,10,202004151515.36
da4326c8-1ad6-11ec-91f7-002b67ce00fa,1,202112182228.43
da435dd2-1ad6-11ec-a117-002b67ce00fa,4,202006230559.44
da438a28-1ad6-11ec-a986-002b67ce00fa,3,202104171032.57
da43b53e-1ad6-11ec-b4d9-002b67ce00fa,4,202012190701.26
da43f828-1ad6-11ec-bc6a-002b67ce00fa,4,202005081514.41
da44429c-1ad6-11ec-bff2-002b67ce00fa,10,202007190658.38
da448392-1ad6-11ec-836a-002b67ce00fa,9,202001060053.13
da44b31c-1ad6-11ec-8ff5-002b67ce00fa,2,202109151336.16
da44e53a-1ad6-11ec-9278-002b67ce00fa,8,202104091126.41
da452892-1ad6-11ec-aa23-002b67ce00fa,10,202108261021.20
da45740a-1ad6-11ec-985e-002b67ce00fa,9,202004050846.09
da45bbfe-1ad6-11ec-886a-002b67ce00fa,4,202003102305.30
da45f43e-1ad6-11ec-8eeb-002b67ce00fa,6,202110240141.55
da462e18-1ad6-11ec-b13d-002b67ce00fa,6,202110161421.32
da4671ac-1ad6-11ec-99bb-002b67ce00fa,10,202010032132.48
da46ad34-1ad6-11ec-856d-002b67ce00fa,2,202101061301.43
da46f866-1ad6-11ec-9f40-002b67ce00fa,7,202012190135.57
da472c46-1ad6-11ec-a28e-002b67ce00fa,8,202110152248.10
da4766e8-1ad6-11ec-9841-002b67ce00fa,5,202011240057.26
da47ab6c-1ad6-11ec-a462-002b67ce00fa,10,202108202253.40
da47e730-1ad6-11ec-9a71-002b67ce00fa,4,202005251352.56
da481e62-1ad6-11ec-b29c-002b67ce00fa,6,202004200932.17
da48490a-1ad6-11ec-8cf8-002b67ce00fa,3,202101111352.30
da488ba4-1ad6-11ec-9e22-002b67ce00fa,6,202105250124.08
da48c60a-1ad6-11ec-9c67-002b67ce00fa,6,202105230630.05
da48f760-1ad6-11ec-b8a2-002b67ce00fa,6,202010160444.49
da49300e-1ad6-11ec-97aa-002b67ce00fa,1,202106270125.55
da4958b8-1ad6-11ec-8329-002b67ce00fa,4,202007132242.38
da49986e-1ad6-11ec-b35a-002b67ce00fa,8,202006111910.58
da49cde8-1ad6-11ec-a8b9-002b67ce00fa,4,202010240947.23
da4a231a-1ad6-11ec-a708-002b67ce00fa,7,202112251033.13
da4a6f14-1ad6-11ec-85b6-002b67ce00fa,7,202001110144.47
da4ab4f6-1ad6-11ec-8220-002b67ce00fa,6,202112081510.19
da4b04a6-1ad6-11ec-8471-002b67ce00fa,1,202004012029.26
da4b468c-1ad6-11ec-a574-002b67ce00fa,2,202005290831.30
da4b8246-1ad6-11ec-ac0e-002b67ce00fa,7,202006130822.31
da4bad2a-1ad6-11ec-aa55-002b67ce00fa,3,202107180354.11
da4bea4c-1ad6-11ec-a8b5-002b67ce00fa,8,202001302209.46
da4c28cc-1ad6-11ec-bdc9-002b67ce00fa,1,202002081528.36
da4c67f6-1ad6-11ec-8399-002b67ce00fa,8,202111230036.18
da4cbfd0-1ad6-11ec-8bb8-002b67ce00fa,4,202003072037.48
da4cf860-1ad6-11ec-bd6f-002b67ce00fa,10,202111152327.37
da4d3bf4-1ad6-11ec-b6ce-002b67ce00fa,8,202111160134.13
da4d6f52-1ad6-11ec-b208-002b67ce00fa,9,202008160511.12
da4da5a8-1ad6-11ec-a9f4-002b67ce00fa,9,202102242232.28
da4dd1c2-1ad6-11ec-8061-002b67ce00fa,3,202001230519.50
da4e0412-1ad6-11ec-91d6-002b67ce00fa,2,202001031006.45
da4e447c-1ad6-11ec-adfa-002b67ce00fa,8,202011141438.19
da4e8734-1ad6-11ec-8777-002b67ce00fa,9,202112040920.05
da4ec320-1ad6-11ec-8890-002b67ce00fa,5,202004070010.08
da4efc50-1ad6-11ec-830e-002b67ce00fa,3,202104011057.47
da4f36b6-1ad6-11ec-810f-002b67ce00fa,7,202110211432.57
da4f7518-1ad6-11ec-ab47-002b67ce00fa,10,202110190756.26
da4f9ae8-1ad6-11ec-a809-002b67ce00fa,10,202108221241.38
da4fd1de-1ad6-11ec-953a-002b67ce00fa,5,202001251230.43
da501d6a-1ad6-11ec-bc40-002b67ce00fa,7,202004140242.49
da50503c-1ad6-11ec-810b-002b67ce00fa,2,202109120239.22
da507558-1ad6-11ec-b0c5-002b67ce00fa,1,202112100017.37
da5099f2-1ad6-11ec-a7f7-002b67ce00fa,4,202102170542.15
da50d6f6-1ad6-11ec-88a4-002b67ce00fa,3,202111190551.07
da510c66-1ad6-11ec-ac5a-002b67ce00fa,10,202004302155.20
da51491a-1ad6-11ec-bbc8-002b67ce00fa,6,202009101301.51
da51a734-1ad6-11ec-aafe-002b67ce00fa,5,202104061450.08
da51f3ec-1ad6-11ec-87df-002b67ce00fa,3,202112130233.14
da523668-1ad6-11ec-9821-002b67ce00fa,3,202103071602.07
da52833e-1ad6-11ec-bc4a-002b67ce00fa,7,202011170628.37
da52b89a-1ad6-11ec-9a67-002b67ce00fa,3,202005150821.26
da5305f2-1ad6-11ec-8bbf-002b67ce00fa,5,202112121641.54
da535e58-1ad6-11ec-b0b2-002b67ce00fa,8,202009211448.02
da53a2dc-1ad6-11ec-bbf9-002b67ce00fa,3,202105121857.02
da53e724-1ad6-11ec-8b39-002b67ce00fa,1,202101170426.48
da542806-1ad6-11ec-a49f-002b67ce00fa,7,202005302129.31
da547824-1ad6-11ec-822f-002b67ce00fa,8,202001131407.24
da54b262-1ad6-11ec-809e-002b67ce00fa,2,202112201611.52
da54e6e2-1ad6-11ec-8e52-002b67ce00fa,3,202102041631.06
da5532b4-1ad6-11ec-83f0-002b67ce00fa,6,202103240916.49
da556dce-1ad6-11ec-a0d1-002b67ce00fa,10,202101290147.18
da55b7c0-1ad6-11ec-8d02-002b67ce00fa,1,202007182340.21
da55fa0a-1ad6-11ec-87f6-002b67ce00fa,7,202103152247.12
da563b82-1ad6-11ec-a487-002b67ce00fa,3,202107162124.05
da566c2e-1ad6-11ec-8207-002b67ce00fa,8,202101072305.25
da569cd0-1ad6-11ec-84b9-002b67ce00fa,7,202106271730.29
da56d29a-1ad6-11ec-a740-002b67ce00fa,5,202106222056.10
da5707e2-1ad6-11ec-baae-002b67ce00fa,5,202102031913.06
da573b86-1ad6-11ec-b3ff-002b67ce00fa,6,202109240236.56
da57760a-1ad6-11ec-a902-002b67ce00fa,5,202108171121.43
da57b19c-1ad6-11ec-b069-002b67ce00fa,1,202005031754.25
da57db0e-1ad6-11ec-901f-002b67ce00fa,6,202106070737.02
da580c5a-1ad6-11ec-b532-002b67ce00fa,9,202107221206.13
da584d46-1ad6-11ec-913f-002b67ce00fa,8,202003251417.44
da5876fe-1ad6-11ec-820b-002b67ce00fa,5,202103151823.15
da58a8cc-1ad6-11ec-a62b-002b67ce00fa,5,202010291147.21
da58d888-1ad6-11ec-955e-002b67ce00fa,4,202106260203.23
da590a1a-1ad6-11ec-881f-002b67ce00fa,10,202004150921.07
